<?xml version="1.0" encoding="UTF-8"?>
<!DOCTYPE hibernate-configuration PUBLIC  
          "-//Hibernate/Hibernate Configuration DTD 3.0//EN"  
          "http://hibernate.sourceforge.net/hibernate-configuration-3.0.dtd">
<hibernate-configuration>
	<session-factory>
	
		<!-- c3p0配置-->
		<property name="hibernate.connection.provider_class">org.hibernate.c3p0.internal.C3P0ConnectionProvider</property>
		<property name="hibernate.c3p0.max_size">20</property>
		<property name="hibernate.c3p0.min_size">5</property>
		<property name="hibernate.c3p0.timeout">120</property>
		<property name="automaticTestTable">Test</property>
		<property name="hibernate.c3p0.max_statements">100</property>
		<property name="hibernate.c3p0.idle_test_period">120</property>
		<property name="hibernate.c3p0.acquire_increment">1</property>
		<property name="c3p0.testConnectionOnCheckout">true</property>
		<property name="c3p0.maxIdleTime">18000</property>
		<property name="c3p0.idle_test_period">120</property>
		
		<!-- hibernate基础配置 -->
		<!-- oracle方言 -->
		<property name="dialect">
			org.hibernate.dialect.OracleDialect
		</property>
		<!-- oracle驱动 -->
		<property name="connection.driver_class">
			oracle.jdbc.driver.OracleDriver
		</property>
		<!-- oracle的url -->
		<property name="connection.url">
			jdbc:oracle:thin:@localhost:1521:orcl
		</property>
		<!-- 数据库用户名 -->
		<property name="connection.username">zk</property>
		<!-- 数据库密码 -->
		<property name="connection.password">123456</property>
		<!-- 显示sql语句执行 -->
		<property name="show_sql">true</property>
		<!-- 格式化sql语句 -->
		<property name="format_sql">true</property>
		<!-- 自动创建表 -->
		<property name="hbm2ddl.auto">update</property>
		<mapping resource="com/studio/pc/model/StudioToClazz.hbm.xml" />
		<mapping resource="com/studio/pc/model/Studioclazz.hbm.xml" />
		<mapping resource="com/studio/pc/model/Users.hbm.xml" />
		<mapping resource="com/studio/pc/model/UsersToClazz.hbm.xml" />
		<mapping resource="com/studio/pc/model/Studio.hbm.xml" />
		<mapping resource="com/studio/pc/model/Adm.hbm.xml" />
		<mapping resource="com/studio/pc/model/UserToClazz.hbm.xml" />

	</session-factory>

</hibernate-configuration>