<?xml version="1.0" encoding="UTF-8"?>
<beans xmlns="http://www.springframework.org/schema/beans"
	xmlns:xsi="http://www.w3.org/2001/XMLSchema-instance" xmlns:context="http://www.springframework.org/schema/context"
	xsi:schemaLocation="
http://www.springframework.org/schema/beans 
http://www.springframework.org/schema/beans/spring-beans-3.0.xsd 
http://www.springframework.org/schema/context 
http://www.springframework.org/schema/context/spring-context-3.0.xsd
">
	<!--================================- 前台的service：start -================================-->
	<!-- fUsersService -->
	<bean id="fUsersService" class="com.sharedcloud.pc.front.service.impl.FUsersService">
		<property name="fUsersDao" ref="fUsersDao"></property>
	</bean>	
	<!-- fUploadHistoryService -->
	<bean id="fUploadHistoryService" class="com.sharedcloud.pc.front.service.impl.FUploadHistoryService">
		<property name="fFilesDao" ref="fFilesDao"></property>
		<property name="fUploadHistoryDao" ref="fUploadHistoryDao"></property>
		<property name="fUsersDao" ref="fUsersDao"></property>
	</bean>	
	<!-- fSharedfilesService -->
	<bean id="fSharedfilesService" class="com.sharedcloud.pc.front.service.impl.FSharedfilesService">
		<property name="fSharedfilesDao" ref="fSharedfilesDao"></property>
		<property name="fUploadHistoryDao" ref="fUploadHistoryDao"></property>
		<property name="fUsersDao" ref="fUsersDao"></property>
	</bean>	
	<!--================================- 前台的service：start -================================-->
	
	
	
	
	
	<!--================================- 后台的service：start -================================-->
	<!--================================- 后台的service：start -================================-->
</beans>